Components,Label
PingWebSocketTextSync,0
PingWebSocketJson,0
PingSession3,0
PingSession3Object,0
JsonDecoder,0
JsonMessage,0
JsonEncoder,0
PingWebSocketTextAsync,0
PingServletCDIBeanManagerViaCDICurrent,0
PingInterceptor,0
PingCDIBean,0
PingServletCDI,0
PingEJBLocalDecorator,0
PingEJBLocal,0
PingSession2,0
PingWebSocketBinary,0
PingServlet2PDF,0
PingBean,0
PingServletWriter,0
PingManagedExecutor,0
PingServlet2Servlet,0
PingServlet2ServletRcv,0
PingSession1,0
PingServlet2JNDI,0
PingServlet2MDBTopic,0
TradeConfigServlet,0
PingServlet2Jsp,0
ExplicitGC,0
PingJSONP,0
PingServletCDIBeanManagerViaJNDI,0
PingManagedThread,0
PingServlet,0
PingServlet2MDBQueue,0
PingServlet2Include,0
PingServlet2IncludeRcv,0
PingUpgradeServlet,0
JSFLoginFilter,1
QuoteJSF,1
ExternalContextProducer,1
TradeActionProducer,1
QuoteData,1
PingCDIJSFBean,1
OrdersAlertFilter,2
TradeConfig,2
TradeAction,2
Log,2
TradeSLSBBean,2
TradeAppServlet,2
TradeServletAction,2
QuoteDataBean,2
FinancialUtils,2
PingServlet2Session2Entity2JSP,2
PingServlet2Session2CMROne2One,2
AccountProfileDataBean,2
PingServlet2TwoPhase,2
HoldingDataBean,2
AccountDataBean,2
OrderDataBean,2
PingServlet2Session2EntityCollection,2
PingServlet2Session2Entity,2
PingServlet2SessionLocal,2
PingServlet2Session2CMROne2Many,2
DTBroker3MDB,3
MDBStats,3
TimerStat,3
ActionDecoder,3
ActionMessage,3
MarketSummaryWebSocket,3
MarketSummarySingleton,3
MarketSummaryDataBean,3
RecentStockChangeList,3
DTStreamer3MDB,3
PingJDBCRead2JSP,4
TradeDirect,4
KeySequenceDirect,4
KeyBlock,4
PingJDBCRead,4
PingJDBCWrite,4
PingServlet2DB,4
